Title,Budget,Genres
Pirates of the Caribbean: At World's End,300000000,Adventure
Superman Returns,270000000,Adventure
Spider-Man 3,258000000,Fantasy
Harry Potter and the Half-Blood Prince,250000000,Adventure
Avatar,237000000,Action
The Chronicles of Narnia: Prince Caspian,225000000,Adventure
X-Men: The Last Stand,210000000,Adventure
King Kong,207000000,Adventure
Titanic,200000000,Drama
Terminator 3: Rise of the Machines,200000000,Action
Spider-Man 2,200000000,Action
Pirates of the Caribbean: Dead Man's Chest,200000000,Adventure
Quantum of Solace,200000000,Adventure
Terminator Salvation,200000000,Action
A Christmas Carol,200000000,Animation
2012,200000000,Action
The Dark Knight,185000000,Drama
Indiana Jones and the Kingdom of the Crystal Skull,185000000,Adventure
"The Chronicles of Narnia: The Lion, the Witch and the Wardrobe",180000000,Adventure
The Golden Compass,180000000,Adventure
WALL¬∑E,180000000,Animation
Waterworld,175000000,Adventure
Troy,175000000,Adventure
Evan Almighty,175000000,Fantasy
Monsters vs Aliens,175000000,Animation
Up,175000000,Animation
G.I. Joe: The Rise of Cobra,175000000,Adventure
Wild Wild West,170000000,Action
The Polar Express,165000000,Adventure
Speed 2: Cruise Control,160000000,Action
The 13th Warrior,160000000,Adventure
Van Helsing,160000000,Horror
Poseidon,160000000,Adventure
Shrek the Third,160000000,Fantasy
Alexander,155000000,War
Tarzan,150000000,Adventure
The Matrix Reloaded,150000000,Adventure
The Matrix Revolutions,150000000,Adventure
Master and Commander: The Far Side of the World,150000000,Adventure
Shrek 2,150000000,Adventure
Charlie and the Chocolate Factory,150000000,Adventure
Batman Begins,150000000,Action
Chicken Little,150000000,Animation
Harry Potter and the Goblet of Fire,150000000,Adventure
Mission: Impossible III,150000000,Adventure
Casino Royale,150000000,Adventure
Ratatouille,150000000,Animation
Meet the Robinsons,150000000,Animation
Transformers,150000000,Adventure
Harry Potter and the Order of the Phoenix,150000000,Adventure
Bee Movie,150000000,Family
I Am Legend,150000000,Drama
The Incredible Hulk,150000000,Science Fiction
Hancock,150000000,Fantasy
Madagascar: Escape 2 Africa,150000000,Family
Bolt,150000000,Animation
The Curious Case of Benjamin Button,150000000,Fantasy
X-Men Origins: Wolverine,150000000,Adventure
Star Trek,150000000,Science Fiction
Angels & Demons,150000000,Thriller
Night at the Museum: Battle of the Smithsonian,150000000,Adventure
Transformers: Revenge of the Fallen,150000000,Science Fiction
G-Force,150000000,Fantasy
Flushed Away,149000000,Adventure
The Alamo,145000000,Western
The Mummy: Tomb of the Dragon Emperor,145000000,Adventure
Armageddon,140000000,Action
Lethal Weapon 4,140000000,Action
Pearl Harbor,140000000,History
Men in Black II,140000000,Action
Die Another Day,140000000,Adventure
Treasure Planet,140000000,Adventure
Pirates of the Caribbean: The Curse of the Black Pearl,140000000,Adventure
The Last Samurai,140000000,Drama
Lemony Snicket's A Series of Unfortunate Events,140000000,Adventure
Rush Hour 3,140000000,Action
Iron Man,140000000,Action
Spider-Man,139000000,Fantasy
Final Fantasy: The Spirits Within,137000000,Adventure
Hulk,137000000,Drama
The World Is Not Enough,135000000,Adventure
Stealth,135000000,Action
Miami Vice,135000000,Action
Stuart Little,133000000,Animation
War of the Worlds,132000000,Adventure
Godzilla,130000000,Science Fiction
Bad Boys II,130000000,Adventure
Harry Potter and the Prisoner of Azkaban,130000000,Adventure
Sahara,130000000,Action
Kingdom of Heaven,130000000,Drama
Fantastic 4: Rise of the Silver Surfer,130000000,Adventure
National Treasure: Book of Secrets,130000000,Action
Kung Fu Panda,130000000,Adventure
Watchmen,130000000,Action
Australia,130000000,Drama
Dinosaur,127500000,Animation
The Island,126000000,Action
Batman & Robin,125000000,Action
Mission: Impossible II,125000000,Adventure
Harry Potter and the Philosopher's Stone,125000000,Adventure
The Day After Tomorrow,125000000,Action
The Da Vinci Code,125000000,Thriller
How the Grinch Stole Christmas,123000000,Family
A Bug's Life,120000000,Adventure
The Perfect Storm,120000000,Drama
Atlantis: The Lost Empire,120000000,Animation
Star Wars: Episode II - Attack of the Clones,120000000,Adventure
Stuart Little 2,120000000,Family
Charlie's Angels: Full Throttle,120000000,Action
King Arthur,120000000,Adventure
"I, Robot",120000000,Action
Cars,120000000,Animation
Speed Racer,120000000,Action
Dante's Peak,116000000,Action
The Aviator,116000000,Drama
True Lies,115000000,Action
Star Wars: Episode I - The Phantom Menace,115000000,Adventure
Lara Croft: Tomb Raider,115000000,Adventure
"Monsters, Inc.",115000000,Animation
Windtalkers,115000000,Drama
Star Wars: Episode III - Revenge of the Sith,113000000,Science Fiction
Tomorrow Never Dies,110000000,Adventure
The Patriot,110000000,Drama
X2,110000000,Adventure
Home on the Range,110000000,Animation
Around the World in 80 Days,110000000,Action
Ocean's Twelve,110000000,Thriller
Mr. & Mrs. Smith,110000000,Action
Night at the Museum,110000000,Action
Ghost Rider,110000000,Thriller
Live Free or Die Hard,110000000,Action
Ali,107000000,Drama
Starship Troopers,105000000,Adventure
The Chronicles of Riddick,105000000,Action
"10,000 BC",105000000,Adventure
The Princess and the Frog,105000000,Romance
Gladiator,103000000,Action
Swordfish,102000000,Action
Minority Report,102000000,Action
Batman Forever,100000000,Action
Terminator 2: Judgment Day,100000000,Action
The Hunchback of Notre Dame,100000000,Drama
Eraser,100000000,Action
Sleepy Hollow,100000000,Drama
End of Days,100000000,Action
Bicentennial Man,100000000,Comedy
What Lies Beneath,100000000,Drama
The Emperor's New Groove,100000000,Adventure
A.I. Artificial Intelligence,100000000,Drama
Planet of the Apes,100000000,Thriller
K-19: The Widowmaker,100000000,Drama
The Adventures of Pluto Nash,100000000,Action
Harry Potter and the Chamber of Secrets,100000000,Adventure
Gangs of New York,100000000,Drama
Peter Pan,100000000,Adventure
Hidalgo,100000000,Western
Catwoman,100000000,Action
National Treasure,100000000,Adventure
Constantine,100000000,Drama
Fantastic Four,100000000,Action
Fun with Dick and Jane,100000000,Comedy
Happy Feet,100000000,Animation
Blood Diamond,100000000,Drama
Eragon,100000000,Fantasy
American Gangster,100000000,Drama
Fred Claus,100000000,Action
Land of the Lost,100000000,Adventure
The Taking of Pelham 1 2 3,100000000,Thriller
Cloudy with a Chance of Meatballs,100000000,Animation
Where the Wild Things Are,100000000,Family
Cutthroat Island,98000000,Action
The Mummy Returns,98000000,Adventure
The Mask of Zorro,95000000,Action
The Road to El Dorado,95000000,Adventure
Hollow Man,95000000,Action
Lara Croft Tomb Raider: The Cradle of Life,95000000,Action
Driven,94000000,Action
Finding Nemo,94000000,Animation
The Lord of the Rings: The Return of the King,94000000,Adventure
Jurassic Park III,93000000,Adventure
The Lord of the Rings: The Fellowship of the Ring,93000000,Adventure
Metropolis,92620000,Drama
Twister,92000000,Action
Charlie's Angels,92000000,Action
Spy Game,92000000,Action
Black Hawk Down,92000000,Action
The Incredibles,92000000,Action
Tropic Thunder,92000000,Action
Die Hard: With a Vengeance,90000000,Action
Judge Dredd,90000000,Science Fiction
The Devil's Own,90000000,Crime
The Fifth Element,90000000,Adventure
Men in Black,90000000,Action
Contact,90000000,Drama
Mulan,90000000,Animation
Meet Joe Black,90000000,Fantasy
Enemy of the State,90000000,Action
Babe: Pig in the City,90000000,Adventure
Payback,90000000,Drama
The Insider,90000000,Drama
Toy Story 2,90000000,Animation
Supernova,90000000,Horror
Mission to Mars,90000000,Science Fiction
Gone in Sixty Seconds,90000000,Action
Cast Away,90000000,Adventure
Rush Hour 2,90000000,Action
The Haunted Mansion,90000000,Thriller
The Stepford Wives,90000000,Action
The Departed,90000000,Drama
Flags of Our Fathers,90000000,War
The Spiderwick Chronicles,90000000,Adventure
You Don't Mess with the Zohan,90000000,Comedy
Ice Age: Dawn of the Dinosaurs,90000000,Animation
Sherlock Holmes,90000000,Action
Cinderella Man,88000000,Romance
The Brothers Grimm,88000000,Adventure
Hannibal,87000000,Crime
Seabiscuit,87000000,Drama
Arthur and the Invisibles,86000000,Adventure
Awake,86000000,Thriller
Last Action Hero,85000000,Adventure
Hercules,85000000,Animation
Air Force One,85000000,Action
What Dreams May Come,85000000,Drama
102 Dalmatians,85000000,Comedy
Ocean's Eleven,85000000,Thriller
Collateral Damage,85000000,Action
Showtime,85000000,Action
The Rundown,85000000,Adventure
Bewitched,85000000,Comedy
Memoirs of a Geisha,85000000,Drama
The Fast and the Furious: Tokyo Drift,85000000,Action
Open Season,85000000,Adventure
The Holiday,85000000,Comedy
Charlotte's Web,85000000,Comedy
The Good Shepherd,85000000,Drama
Ocean's Thirteen,85000000,Crime
Surf's Up,85000000,Animation
I Now Pronounce You Chuck & Larry,85000000,Comedy
Enchanted,85000000,Comedy
Hellboy II: The Golden Army,85000000,Adventure
Jumper,85000000,Adventure
Horton Hears a Who!,85000000,Animation
Fast & Furious,85000000,Action
It's Complicated,85000000,Comedy
Nutty Professor II: The Klumps,84000000,Fantasy
Scooby-Doo,84000000,Mystery
The Flintstones in Viva Rock Vegas,83000000,Science Fiction
Click,82500000,Comedy
Man on the Moon,82000000,Comedy
The 6th Day,82000000,Science Fiction
The Longest Yard,82000000,Comedy
Red Cliff,80341000,Adventure
Mission: Impossible,80000000,Adventure
Space Jam,80000000,Animation
Daylight,80000000,Action
Ransom,80000000,Action
The Manchurian Candidate,80000000,Mystery
Batman Returns,80000000,Action
Face/Off,80000000,Action
Flubber,80000000,Comedy
The Postman,80000000,Drama
Lost in Space,80000000,Adventure
Message in a Bottle,80000000,Romance
Analyze This,80000000,Comedy
Life,80000000,Comedy
The Mummy,80000000,Adventure
The Haunting,80000000,Horror
Fantasia 2000,80000000,Animation
The Legend of Bagger Vance,80000000,Fantasy
Red Planet,80000000,Thriller
Thirteen Days,80000000,Drama
Evolution,80000000,Action
The Time Machine,80000000,Science Fiction
Spirit: Stallion of the Cimarron,80000000,Western
Lilo & Stitch,80000000,Animation
Road to Perdition,80000000,Thriller
Bruce Almighty,80000000,Fantasy
S.W.A.T.,80000000,Action
Looney Tunes: Back in Action,80000000,Animation
Timeline,80000000,Action
Something's Gotta Give,80000000,Drama
The Manchurian Candidate,80000000,Drama
Exorcist: The Beginning,80000000,Horror
A Sound of Thunder,80000000,Thriller
Spanglish,80000000,Comedy
The Interpreter,80000000,Crime
Meet the Fockers,80000000,Comedy
The Great Raid,80000000,Action
Ice Age: The Meltdown,80000000,Animation
The Wild,80000000,Family
Over the Hedge,80000000,Comedy
The Invasion,80000000,Science Fiction
Get Smart,80000000,Action
Eagle Eye,80000000,Mystery
Four Christmases,80000000,Comedy
The Day the Earth Stood Still,80000000,Drama
Bedtime Stories,80000000,Fantasy
Red Cliff Part II,80000000,War
Public Enemies,80000000,History
Surrogates,80000000,Action
Nine,80000000,Drama
The Lord of the Rings: The Two Towers,79000000,Adventure
Cold Mountain,79000000,Drama
Duplicity,78146652,Romance
Red Dragon,78000000,Crime
Daredevil,78000000,Fantasy
The League of Extraordinary Gentlemen,78000000,Fantasy
The Adventures of Rocky & Bullwinkle,76000000,Action
2 Fast 2 Furious,76000000,Action
Children of Men,76000000,Drama
The Rock,75000000,Action
Independence Day,75000000,Action
Con Air,75000000,Action
Conspiracy Theory,75000000,Action
Sphere,75000000,Science Fiction
Deep Impact,75000000,Action
Practical Magic,75000000,Drama
Soldier,75000000,Action
Virus,75000000,Horror
Forces of Nature,75000000,Romance
The Out-of-Towners,75000000,Comedy
The Astronaut's Wife,75000000,Drama
Three Kings,75000000,Action
Backdraft,75000000,Action
Titan A.E.,75000000,Animation
X-Men,75000000,Adventure
Unbreakable,75000000,Science Fiction
Vertical Limit,75000000,Action
Monkeybone,75000000,Adventure
Osmosis Jones,75000000,Adventure
Bandits,75000000,Action
Domestic Disturbance,75000000,Mystery
We Were Soldiers,75000000,Action
Anger Management,75000000,Comedy
Hollywood Homicide,75000000,Action
50 First Dates,75000000,Comedy
The Bourne Supremacy,75000000,Action
Shark Tale,75000000,Animation
Robots,75000000,Animation
Madagascar,75000000,Family
The Legend of Zorro,75000000,Action
Lady in the Water,75000000,Drama
Monster House,75000000,Animation
D√©j√† Vu,75000000,Action
The Simpsons Movie,75000000,Animation
Charlie Wilson's War,75000000,Comedy
Wanted,75000000,Action
Valkyrie,75000000,Drama
Funny People,75000000,Comedy
Alvin and the Chipmunks: The Squeakquel,75000000,Comedy
Two Brothers,74500000,Adventure
The Lost World: Jurassic Park,73000000,Adventure
Snake Eyes,73000000,Crime
The Bone Collector,73000000,Drama
Talladega Nights: The Ballad of Ricky Bobby,72500000,Comedy
Braveheart,72000000,Action
The Last Castle,72000000,Action
The Majestic,72000000,Drama
Signs,72000000,Drama
Jarhead,72000000,Drama
Doctor Dolittle,71000000,Comedy
Cliffhanger,70000000,Action
The Abyss,70000000,Adventure
Die Hard 2,70000000,Action
Mars Attacks!,70000000,Comedy
Seven Years in Tibet,70000000,Adventure
Alien: Resurrection,70000000,Science Fiction
Hard Rain,70000000,Thriller
Six Days Seven Nights,70000000,Action
Saving Private Ryan,70000000,Drama
The Siege,70000000,Drama
Star Trek: Insurrection,70000000,Science Fiction
The Prince of Egypt,70000000,Adventure
A Civil Action,70000000,Drama
Runaway Bride,70000000,Comedy
The Iron Giant,70000000,Adventure
Chill Factor,70000000,Action
Double Jeopardy,70000000,Crime
Who Framed Roger Rabbit,70000000,Fantasy
Hook,70000000,Adventure
What Women Want,70000000,Comedy
Dr. Dolittle 2,70000000,Comedy
Hart's War,70000000,Drama
Bad Company,70000000,Action
xXx,70000000,Action
Ballistic: Ecks vs. Sever,70000000,Action
I Spy,70000000,Action
Tears of the Sun,70000000,Action
Big Fish,70000000,Adventure
Man on Fire,70000000,Action
AVP: Alien vs. Predator,70000000,Adventure
Sky Captain and the World of Tomorrow,70000000,Mystery
The Phantom of the Opera,70000000,Music
Hitch,70000000,Comedy
Munich,70000000,Drama
Rumor Has It...,70000000,Comedy
Basic Instinct 2,70000000,Crime
The Guardian,70000000,Action
Dreamgirls,70000000,Drama
Next,70000000,Action
Stardust,70000000,Adventure
The Bourne Ultimatum,70000000,Action
The Kingdom,70000000,Thriller
The Brave One,70000000,Crime
Beowulf,70000000,Adventure
Dragon Wars: D-War,70000000,Fantasy
Fool's Gold,70000000,Romance
Babylon A.D.,70000000,Action
Body of Lies,70000000,Action
Yes Man,70000000,Comedy
Inglourious Basterds,70000000,Drama
Couples Retreat,70000000,Comedy
Planet 51,70000000,Science Fiction
The Saint,68000000,Thriller
Mystery Men,68000000,Adventure
Enemy at the Gates,68000000,War
The Score,68000000,Action
Vanilla Sky,68000000,Drama
The Sum of All Fears,68000000,Thriller
Dreamcatcher,68000000,Drama
Last Man Standing,67000000,Action
The Last Legion,67000000,Action
The X Files,66000000,Mystery
Entrapment,66000000,Romance
Hellboy,66000000,Fantasy
Jumanji,65000000,Adventure
The Long Kiss Goodnight,65000000,Crime
I Still Know What You Did Last Summer,65000000,Horror
You've Got Mail,65000000,Comedy
My Favorite Martian,65000000,Comedy
Eyes Wide Shut,65000000,Mystery
Blue Streak,65000000,Action
Total Recall,65000000,Action
The Kid,65000000,Fantasy
Space Cowboys,65000000,Action
A Knight's Tale,65000000,Adventure
The Santa Clause 2,65000000,Fantasy
Hudson Hawk,65000000,Action
Collateral,65000000,Drama
Blade: Trinity,65000000,Science Fiction
Zathura: A Space Adventure,65000000,Family
We Are Marshall,65000000,Drama
Zodiac,65000000,Crime
300,65000000,Action
Sex and the City,65000000,Comedy
Step Brothers,65000000,Comedy
Astro Boy,65000000,Animation
The Lovely Bones,65000000,Fantasy
Random Hearts,64000000,Drama
Little Man,64000000,Comedy
Get Carter,63600000,Action
Wyatt Earp,63000000,Drama
Jurassic Park,63000000,Adventure
Rambo III,63000000,Action
The Matrix,63000000,Action
Fight Club,63000000,Drama
Austin Powers in Goldmember,63000000,Comedy
World Trade Center,63000000,Drama
The American President,62000000,Comedy
Clear and Present Danger,62000000,Action
Lolita,62000000,Drama
U-571,62000000,Action
3000 Miles to Graceland,62000000,Action
Matchstick Men,62000000,Comedy
√Üon Flux,62000000,Action
The Love Guru,62000000,Comedy
Shooter,61000000,Action
Perfect Stranger,60795000,Crime
Heat,60000000,Action
Money Train,60000000,Action
Under Siege 2: Dark Territory,60000000,Action
Interview with the Vampire,60000000,Horror
Junior,60000000,Comedy
The Relic,60000000,Horror
Days of Thunder,60000000,Adventure
Jingle All the Way,60000000,Family
Event Horizon,60000000,Horror
Fire Down Below,60000000,Action
The Truman Show,60000000,Comedy
The Jackal,60000000,Action
The Horse Whisperer,60000000,Drama
U.S. Marshals,60000000,Thriller
A Perfect Murder,60000000,Crime
The Avengers,60000000,Thriller
Antz,60000000,Adventure
Psycho,60000000,Horror
The General's Daughter,60000000,Crime
Deep Blue Sea,60000000,Action
The Messenger: The Story of Joan of Arc,60000000,Adventure
The Green Mile,60000000,Fantasy
Far and Away,60000000,Adventure
Rules of Engagement,60000000,Action
Almost Famous,60000000,Drama
15 Minutes,60000000,Action
Along Came a Spider,60000000,Crime
Shrek,60000000,Adventure
Cats & Dogs,60000000,Comedy
A Beautiful Mind,60000000,Drama
Dragonfly,60000000,Drama
The Scorpion King,60000000,Action
The Bourne Identity,60000000,Action
Reign of Fire,60000000,Adventure
Analyze That,60000000,Comedy
Star Trek: Nemesis,60000000,Science Fiction
Two Weeks Notice,60000000,Comedy
The Core,60000000,Action
Daddy Day Care,60000000,Comedy
The Italian Job,60000000,Action
Sinbad: Legend of the Seven Seas,60000000,Family
Intolerable Cruelty,60000000,Crime
Runaway Jury,60000000,Drama
Paycheck,60000000,Action
Starsky & Hutch,60000000,Comedy
The Terminal,60000000,Comedy
The Village,60000000,Drama
Ladder 49,60000000,Drama
Alfie,60000000,Comedy
After the Sunset,60000000,Action
xXx: State of the Union,60000000,Action
Doom,60000000,Adventure
Cheaper by the Dozen 2,60000000,Comedy
The Sentinel,60000000,Action
Flyboys,60000000,Action
Bridge to Terabithia,60000000,Adventure
Norbit,60000000,Comedy
The Heartbreak Kid,60000000,Comedy
Alvin and the Chipmunks,60000000,Comedy
The Happening,60000000,Thriller
Meet Dave,60000000,Comedy
The Spirit,60000000,Action
Righteous Kill,60000000,Action
Marley & Me,60000000,Comedy
The Tale of Despereaux,60000000,Adventure
Inkheart,60000000,Adventure
Coraline,60000000,Animation
State of Play,60000000,Action
The Soloist,60000000,Drama
Year One,60000000,Comedy
Invictus,60000000,Drama
Ice Age,59000000,Animation
GoldenEye,58000000,Adventure
The Cotton Club,58000000,Music
Just Like Heaven,58000000,Comedy
Leatherheads,58000000,Comedy
Did You Hear About the Morgans?,58000000,Comedy
Demolition Man,57000000,Crime
DragonHeart,57000000,Fantasy
The Devil's Advocate,57000000,Drama
The Mexican,57000000,Action
Captain Corelli's Mandolin,57000000,Drama
Rock Star,57000000,Music
Thunderbirds,57000000,Action
Elizabethtown,57000000,Comedy
Gods and Generals,56000000,Drama
Walking Tall,56000000,Adventure
The Pacifier,56000000,Action
Pocahontas,55000000,Adventure
First Knight,55000000,Action
Disclosure,55000000,Drama
Stargate,55000000,Action
Forrest Gump,55000000,Comedy
Executive Decision,55000000,Action
The Fan,55000000,Drama
Evita,55000000,History
Turbulence,55000000,Action
Metro,55000000,Action
City of Angels,55000000,Drama
Ronin,55000000,Action
Superman,55000000,Action
Any Given Sunday,55000000,Drama
Death Becomes Her,55000000,Fantasy
Shanghai Noon,55000000,Adventure
Meet the Parents,55000000,Comedy
Ishtar,55000000,Action
Tango & Cash,55000000,Action
Maid in Manhattan,55000000,Comedy
The Hunted,55000000,Drama
American Wedding,55000000,Comedy
Stuck on You,55000000,Comedy
D-Tox,55000000,Action
Flightplan,55000000,Thriller
16 Blocks,55000000,Action
The Pursuit of Happyness,55000000,Drama
All the King's Men,55000000,Drama
3:10 to Yuma,55000000,Western
Elizabeth: The Golden Age,55000000,Drama
The Forbidden Kingdom,55000000,Action
City of Ember,55000000,Adventure
Changeling,55000000,Crime
Seven Pounds,55000000,Drama
The Nutty Professor,54000000,Fantasy
101 Dalmatians,54000000,Comedy
The Godfather: Part III,54000000,Crime
Superman II,54000000,Action
Blade II,54000000,Fantasy
Gigli,54000000,Drama
V for Vendetta,54000000,Action
"You, Me and Dupree",54000000,Comedy
Crimson Tide,53000000,Action
Anastasia,53000000,Animation
Blow,53000000,Crime
Angel Eyes,53000000,Drama
Be Cool,53000000,Comedy
Law Abiding Citizen,53000000,Drama
Moulin Rouge!,52500000,Drama
Casino,52000000,Drama
Apollo 13,52000000,Drama
The Thin Red Line,52000000,Drama
Erin Brockovich,52000000,Drama
Catch Me If You Can,52000000,Drama
Hostage,52000000,Mystery
The Break-Up,52000000,Romance
Mamma Mia!,52000000,Comedy
Eastern Promises,51500000,Thriller
The Bachelor,51000000,Comedy
"Me, Myself & Irene",51000000,Comedy
Barnyard,51000000,Animation
Assassins,50000000,Action
Fair Game,50000000,Action
Broken Arrow,50000000,Action
Jade,50000000,Action
Casper,50000000,Fantasy
Congo,50000000,Action
The Scarlet Letter,50000000,Drama
Outbreak,50000000,Action
Beverly Hills Cop III,50000000,Action
Terminal Velocity,50000000,Action
Striptease,50000000,Drama
Chain Reaction,50000000,Action
Escape from L.A.,50000000,Action
The Chamber,50000000,Crime
The Ghost and the Darkness,50000000,Adventure
Alien¬≥,50000000,Science Fiction
Jerry Maguire,50000000,Comedy
Absolute Power,50000000,Crime
G.I. Jane,50000000,Action
The Game,50000000,Drama
Mad City,50000000,Action
As Good as It Gets,50000000,Comedy
Gremlins 2: The New Batch,50000000,Comedy
The Negotiator,50000000,Action
Santa Claus: The Movie,50000000,Family
Patch Adams,50000000,Comedy
The Mod Squad,50000000,Action
The Story of Us,50000000,Comedy
The Hurricane,50000000,Drama
Annie,50000000,Comedy
Exit Wounds,50000000,Action
Don't Say a Word,50000000,Thriller
Baby's Day Out,50000000,Action
Murder by Numbers,50000000,Crime
Unfaithful,50000000,Thriller
Mr. Deeds,50000000,Comedy
Blood Work,50000000,Crime
How to Lose a Guy in 10 Days,50000000,Comedy
Shanghai Knights,50000000,Action
The Life of David Gale,50000000,Drama
Basic,50000000,Action
Out of Time,50000000,Thriller
The Big Bounce,50000000,Comedy
Twisted,50000000,Action
On Deadly Ground,50000000,Action
Raising Helen,50000000,Drama
Garfield,50000000,Animation
Shall We Dance?,50000000,Drama
Bridget Jones: The Edge of Reason,50000000,Comedy
The Ring Two,50000000,Drama
The Life Aquatic with Steve Zissou,50000000,Adventure
The Hitchhiker's Guide to the Galaxy,50000000,Adventure
The Adventures of Sharkboy and Lavagirl,50000000,Adventure
Herbie Fully Loaded,50000000,Comedy
The Dukes of Hazzard,50000000,Action
Domino,50000000,Action
Oliver Twist,50000000,Crime
Into the Blue,50000000,Action
Stay,50000000,Mystery
Syriana,50000000,Drama
Underworld: Evolution,50000000,Fantasy
Curious George,50000000,Adventure
Failure to Launch,50000000,Comedy
The Shaggy Dog,50000000,Comedy
Silent Hill,50000000,Horror
RV,50000000,Comedy
The Ant Bully,50000000,Fantasy
The Black Dahlia,50000000,Drama
Perfume: The Story of a Murderer,50000000,Crime
Hannibal Rising,50000000,Crime
Sunshine,50000000,Science Fiction
Goya's Ghosts,50000000,Drama
Hairspray,50000000,Family
Sweeney Todd: The Demon Barber of Fleet Street,50000000,Drama
Rambo,50000000,Action
Outlander,50000000,Fantasy
The International,50000000,Drama
Street Fighter: The Legend of Chun-Li,50000000,Action
Knowing,50000000,Action
The Boat That Rocked,50000000,Drama
Race to Witch Mountain,50000000,Adventure
Gamer,50000000,Action
The Twilight Saga: New Moon,50000000,Adventure
Basic Instinct,49000000,Thriller
The One,49000000,Action
The Adventures of Ford Fairlane,49000000,Action
Super Mario Bros.,48000000,Adventure
Robin Hood: Prince of Thieves,48000000,Adventure
Indiana Jones and the Last Crusade,48000000,Adventure
Out of Sight,48000000,Romance
The Thomas Crown Affair,48000000,Drama
Bedazzled,48000000,Fantasy
Traffic,48000000,Thriller
Rat Race,48000000,Adventure
Riding in Cars with Boys,48000000,Comedy
K-PAX,48000000,Drama
Panic Room,48000000,Crime
The Ring,48000000,Horror
Scary Movie 3,48000000,Comedy
Mary Reilly,47000000,Drama
The Cable Guy,47000000,Comedy
Dick Tracy,47000000,Adventure
The Bonfire of the Vanities,47000000,Comedy
Solaris,47000000,Drama
1492: Conquest of Paradise,47000000,Action
Happily N'Ever After,47000000,Animation
The Adventures of Baron Munchausen,46630000,Action
The Flintstones,46000000,Fantasy
Courage Under Fire,46000000,Drama
Star Trek: First Contact,46000000,Science Fiction
Shaft,46000000,Action
Insomnia,46000000,Crime
Showgirls,45000000,Drama
Mary Shelley's Frankenstein,45000000,Drama
The Specialist,45000000,Action
The Client,45000000,Drama
I Love Trouble,45000000,Action
The Lion King,45000000,Family
The Phantom,45000000,Adventure
Jack,45000000,Comedy
Tin Cup,45000000,Comedy
Shadow Conspiracy,45000000,Action
Liar Liar,45000000,Comedy
Anaconda,45000000,Adventure
Deep Rising,45000000,Adventure
Blade,45000000,Horror
The Pelican Brief,45000000,Drama
Universal Soldier: The Return,45000000,Action
Galaxy Quest,45000000,Comedy
Patriot Games,45000000,Drama
Chicken Run,45000000,Animation
Coyote Ugly,45000000,Comedy
Miss Congeniality,45000000,Comedy
Scary Movie 2,45000000,Comedy
Training Day,45000000,Action
Intersection,45000000,Drama
Changing Lanes,45000000,Action
Chicago,45000000,Action
"Legally Blonde 2: Red, White & Blonde",45000000,Comedy
Taking Lives,45000000,Action
Resident Evil: Apocalypse,45000000,Horror
Surviving Christmas,45000000,Comedy
Flight of the Phoenix,45000000,Action
Unleashed,45000000,Action
Kicking & Screaming,45000000,Romance
Rebound,45000000,Comedy
Four Brothers,45000000,Action
"Yours, Mine & Ours",45000000,Comedy
The Producers,45000000,Comedy
Last Holiday,45000000,Adventure
Firewall,45000000,Thriller
Inside Man,45000000,Crime
Scary Movie 4,45000000,Comedy
Pathfinder,45000000,Adventure
Resident Evil: Extinction,45000000,Horror
Love in the Time of Cholera,45000000,Drama
The Bucket List,45000000,Drama
Journey to the Center of the Earth,45000000,Action
Death Race,45000000,Action
Bangkok Dangerous,45000000,Action
Miracle at St. Anna,45000000,Drama
Aliens in the Attic,45000000,Adventure
Nixon,44000000,History
The Fugitive,44000000,Adventure
Sleepers,44000000,Crime
Rambo: First Blood Part II,44000000,Action
Battlefield Earth,44000000,Action
Heaven's Gate,44000000,Action
Finding Forrester,43000000,Drama
The Sweetest Thing,43000000,Romance
Elektra,43000000,Action
Monster-in-Law,43000000,Romance
The Skeleton Key,43000000,Drama
Strange Days,42000000,Crime
The Firm,42000000,Drama
The Rocketeer,42000000,Action
Rocky V,42000000,Drama
Notting Hill,42000000,Romance
Reindeer Games,42000000,Thriller
Original Sin,42000000,Thriller
High Crimes,42000000,Drama
Along Came Polly,42000000,Comedy
The Forgotten,42000000,Crime
Lord of War,42000000,Crime
Ponyo,41677699,Animation
The Whole Nine Yards,41300000,Comedy
8 Mile,41000000,Drama
"I Love You, Man",41000000,Comedy
Trading Places,40600000,Comedy
Boomerang,40000000,Comedy
Color of Night,40000000,Drama
In the Line of Fire,40000000,Action
Renaissance Man,40000000,Comedy
Sliver,40000000,Drama
A Time to Kill,40000000,Crime
The Island of Dr. Moreau,40000000,Fantasy
Dracula,40000000,Romance
The Preacher's Wife,40000000,Fantasy
The Last of the Mohicans,40000000,Action
Spawn,40000000,Action
The Rainmaker,40000000,Drama
Quest for Camelot,40000000,Fantasy
Small Soldiers,40000000,Comedy
Back to the Future Part II,40000000,Adventure
Back to the Future Part III,40000000,Adventure
Dune,40000000,Action
Honey I Blew Up the Kid,40000000,Adventure
The Little Mermaid,40000000,Animation
Nothing but Trouble,40000000,Comedy
A Few Good Men,40000000,Drama
8MM,40000000,Thriller
The Sixth Sense,40000000,Mystery
The Talented Mr. Ripley,40000000,Thriller
A League of Their Own,40000000,Comedy
Scream 3,40000000,Horror
The Beach,40000000,Drama
Hanging Up,40000000,Comedy
JFK,40000000,Drama
The Art of War,40000000,Crime
Pay It Forward,40000000,Drama
The Living Daylights,40000000,Action
Sweet November,40000000,Drama
For the Boys,40000000,Music
The Musketeer,40000000,Action
Big Trouble,40000000,Action
Shallow Hal,40000000,Comedy
Behind Enemy Lines,40000000,Action
Life or Something Like It,40000000,Comedy
FearDotCom,40000000,Horror
City By The Sea,40000000,Crime
Extreme Ops,40000000,Action
Pinocchio,40000000,Comedy
Johnny English,40000000,Adventure
Memoirs of an Invisible Man,40000000,Comedy
Duplex,40000000,Action
Love Actually,40000000,Comedy
Gothika,40000000,Horror
Cheaper by the Dozen,40000000,Comedy
Torque,40000000,Action
Secret Window,40000000,Thriller
The Whole Ten Yards,40000000,Comedy
Enemy Mine,40000000,Drama
The Princess Diaries 2: Royal Engagement,40000000,Comedy
Ray,40000000,Drama
Havana,40000000,Drama
Sin City,40000000,Action
House of Wax,40000000,Horror
Wedding Crashers,40000000,Comedy
Corpse Bride,40000000,Romance
Get Rich or Die Tryin',40000000,Drama
Rent,40000000,Drama
Big Momma's House 2,40000000,Comedy
Eight Below,40000000,Adventure
The Lake House,40000000,Romance
Marie Antoinette,40000000,Drama
Black Gold,40000000,Adventure
The Illusionist,40000000,Fantasy
The Wicker Man,40000000,Mystery
Apocalypto,40000000,Action
Stormbreaker,40000000,Adventure
The Prestige,40000000,Drama
Music and Lyrics,40000000,Comedy
The Reaping,40000000,Thriller
Aliens vs Predator: Requiem,40000000,Fantasy
The Water Horse,40000000,Fantasy
Vantage Point,40000000,Drama
Pirates,40000000,Adventure
Made of Honor,40000000,Comedy
The Children of Huang Shi,40000000,Drama
The Express,40000000,Drama
He's Just Not That Into You,40000000,Comedy
Confessions of a Shopaholic,40000000,Comedy
The Proposal,40000000,Comedy
Julie & Julia,40000000,Romance
Christopher Columbus: The Discovery,40000000,Action
The Final Destination,40000000,Horror
Whiteout,40000000,Action
Shorts,40000000,Comedy
Amelia,40000000,Adventure
Cirque du Freak: The Vampire's Assistant,40000000,Adventure
Fantastic Mr. Fox,40000000,Adventure
Ninja Assassin,40000000,Action
Superman III,39000000,Comedy
Coming to America,39000000,Comedy
Against the Ropes,39000000,Romance
Serenity,39000000,Science Fiction
Shoot 'Em Up,39000000,Action
The Time Traveler's Wife,39000000,Drama
White Squall,38000000,Action
Star Trek: Generations,38000000,Science Fiction
James and the Giant Peach,38000000,Adventure
Extreme Measures,38000000,Drama
The Doors,38000000,Drama
My Best Friend's Wedding,38000000,Comedy
MouseHunt,38000000,Comedy
Indecent Proposal,38000000,Drama
The Deep End of the Ocean,38000000,Drama
Ride with the Devil,38000000,Drama
Sister Act 2: Back in the Habit,38000000,Music
The Ninth Gate,38000000,Horror
The Fast and the Furious,38000000,Action
Another 48 Hrs.,38000000,Thriller
Enough,38000000,Drama
Spy Kids 2: The Island of Lost Dreams,38000000,Action
Spy Kids 3-D: Game Over,38000000,Action
Pulse,38000000,Horror
Virgin Territory,38000000,Adventure
Push,38000000,Action
The Ugly Truth,38000000,Comedy
The Rescuers Down Under,37931000,Adventure
Freedomland,37665000,Drama
Switchback,37000000,Action
Howard the Duck,37000000,Comedy
Ghostbusters II,37000000,Comedy
Magnolia,37000000,Drama
The Princess Diaries,37000000,Comedy
13 Going on 30,37000000,Comedy
White Chicks,37000000,Comedy
Nim's Island,37000000,Adventure
Space Chimps,37000000,Animation
Burn After Reading,37000000,Comedy
Twilight,37000000,Adventure
The Inhabited Island,36500000,Action
Matilda,36000000,Comedy
The People vs. Larry Flynt,36000000,Drama
Breakdown,36000000,Drama
Gattaca,36000000,Thriller
Amistad,36000000,Drama
Isn't She Great,36000000,Drama
John Q,36000000,Drama
A Man Apart,36000000,Action
Never Say Never Again,36000000,Adventure
At Play in the Fields of the Lord,36000000,Drama
Winged Migration,35866397,Documentary
Sudden Death,35000000,Action
Species,35000000,Science Fiction
The Swan Princess,35000000,Animation
Little Buddha,35000000,Drama
Street Fighter,35000000,Action
Geronimo: An American Legend,35000000,History
Batman,35000000,Fantasy
The Horseman on the Roof,35000000,War
Cape Fear,35000000,Crime
Star Trek: The Motion Picture,35000000,Science Fiction
Under Siege,35000000,Action
Donnie Brasco,35000000,Crime
Anna Karenina,35000000,Drama
L.A. Confidential,35000000,Crime
For Richer or Poorer,35000000,Comedy
Midnight in the Garden of Good and Evil,35000000,Crime
Species II,35000000,Science Fiction
Lethal Weapon 3,35000000,Adventure
Willow,35000000,Adventure
Blast from the Past,35000000,Comedy
RoboCop 2,35000000,Action
Predator 2,35000000,Science Fiction
What About Bob?,35000000,Comedy
Supergirl,35000000,Adventure
Bounce,35000000,Drama
Dungeons & Dragons,35000000,Action
The Pledge,35000000,Crime
The Wedding Planner,35000000,Comedy
Empire of the Sun,35000000,Drama
Spy Kids,35000000,Action
American Outlaws,35000000,Action
From Hell,35000000,Horror
Flash Gordon,35000000,Science Fiction
The Count of Monte Cristo,35000000,Action
Queen of the Damned,35000000,Drama
The Bad News Bears,35000000,Comedy
The Four Feathers,35000000,War
Ghost Ship,35000000,Horror
Femme Fatale,35000000,Thriller
The Best Little Whorehouse in Texas,35000000,Comedy
The Pianist,35000000,Drama
Dennis the Menace,35000000,Family
Down with Love,35000000,Action
Oscar,35000000,Action
The Order,35000000,Drama
School of Rock,35000000,Comedy
Radio Flyer,35000000,Drama
1941,35000000,Action
Jersey Girl,35000000,Comedy
Little Black Book,35000000,Comedy
Cursed,35000000,Horror
Guess Who,35000000,Comedy
Sky High,35000000,Adventure
Valiant,35000000,Animation
Two for the Money,35000000,Comedy
North Country,35000000,Drama
Bandidas,35000000,Action
The Devil Wears Prada,35000000,Comedy
Zoom,35000000,Family
The Fountain,35000000,Drama
A Good Year,35000000,Comedy
License to Wed,35000000,Comedy
Lions for Lambs,35000000,Action
Walk Hard: The Dewey Cox Story,35000000,Comedy
Untraceable,35000000,Drama
Welcome Home Roscoe Jenkins,35000000,Comedy
21,35000000,Drama
Superhero Movie,35000000,Action
What Happens in Vegas,35000000,Comedy
Mirrors,35000000,Horror
Max Payne,35000000,Action
Revolutionary Road,35000000,Drama
Underworld: Rise of the Lycans,35000000,Fantasy
Hotel for Dogs,35000000,Comedy
The Young Victoria,35000000,Drama
The Hangover,35000000,Comedy
Hannah Montana: The Movie,35000000,Comedy
Old Dogs,35000000,Comedy
Big Daddy,34200000,Comedy
Natural Born Killers,34000000,Crime
The Age of Innocence,34000000,Drama
Malcolm X,34000000,Drama
Moonraker,34000000,Action
Summer Catch,34000000,Drama
Paradise,34000000,Drama
TMNT,34000000,Adventure
Pirates of the Caribbean: At World's End,300000000,All Movies
Superman Returns,270000000,All Movies
Spider-Man 3,258000000,All Movies
Harry Potter and the Half-Blood Prince,250000000,All Movies
Avatar,237000000,All Movies
The Chronicles of Narnia: Prince Caspian,225000000,All Movies
X-Men: The Last Stand,210000000,All Movies
King Kong,207000000,All Movies
Titanic,200000000,All Movies
Terminator 3: Rise of the Machines,200000000,All Movies
Spider-Man 2,200000000,All Movies
Pirates of the Caribbean: Dead Man's Chest,200000000,All Movies
Quantum of Solace,200000000,All Movies
Terminator Salvation,200000000,All Movies
A Christmas Carol,200000000,All Movies
2012,200000000,All Movies
The Dark Knight,185000000,All Movies
Indiana Jones and the Kingdom of the Crystal Skull,185000000,All Movies
"The Chronicles of Narnia: The Lion, the Witch and the Wardrobe",180000000,All Movies
The Golden Compass,180000000,All Movies
WALL¬∑E,180000000,All Movies
Waterworld,175000000,All Movies
Troy,175000000,All Movies
Evan Almighty,175000000,All Movies
Monsters vs Aliens,175000000,All Movies
Up,175000000,All Movies
G.I. Joe: The Rise of Cobra,175000000,All Movies
Wild Wild West,170000000,All Movies
The Polar Express,165000000,All Movies
Speed 2: Cruise Control,160000000,All Movies
The 13th Warrior,160000000,All Movies
Van Helsing,160000000,All Movies
Poseidon,160000000,All Movies
Shrek the Third,160000000,All Movies
Alexander,155000000,All Movies
Tarzan,150000000,All Movies
The Matrix Reloaded,150000000,All Movies
The Matrix Revolutions,150000000,All Movies
Master and Commander: The Far Side of the World,150000000,All Movies
Shrek 2,150000000,All Movies
Charlie and the Chocolate Factory,150000000,All Movies
Batman Begins,150000000,All Movies
Chicken Little,150000000,All Movies
Harry Potter and the Goblet of Fire,150000000,All Movies
Mission: Impossible III,150000000,All Movies
Casino Royale,150000000,All Movies
Ratatouille,150000000,All Movies
Meet the Robinsons,150000000,All Movies
Transformers,150000000,All Movies
Harry Potter and the Order of the Phoenix,150000000,All Movies
Bee Movie,150000000,All Movies
I Am Legend,150000000,All Movies
The Incredible Hulk,150000000,All Movies
Hancock,150000000,All Movies
Madagascar: Escape 2 Africa,150000000,All Movies
Bolt,150000000,All Movies
The Curious Case of Benjamin Button,150000000,All Movies
X-Men Origins: Wolverine,150000000,All Movies
Star Trek,150000000,All Movies
Angels & Demons,150000000,All Movies
Night at the Museum: Battle of the Smithsonian,150000000,All Movies
Transformers: Revenge of the Fallen,150000000,All Movies
G-Force,150000000,All Movies
Flushed Away,149000000,All Movies
The Alamo,145000000,All Movies
The Mummy: Tomb of the Dragon Emperor,145000000,All Movies
Armageddon,140000000,All Movies
Lethal Weapon 4,140000000,All Movies
Pearl Harbor,140000000,All Movies
Men in Black II,140000000,All Movies
Die Another Day,140000000,All Movies
Treasure Planet,140000000,All Movies
Pirates of the Caribbean: The Curse of the Black Pearl,140000000,All Movies
The Last Samurai,140000000,All Movies
Lemony Snicket's A Series of Unfortunate Events,140000000,All Movies
Rush Hour 3,140000000,All Movies
Iron Man,140000000,All Movies
Spider-Man,139000000,All Movies
Final Fantasy: The Spirits Within,137000000,All Movies
Hulk,137000000,All Movies
The World Is Not Enough,135000000,All Movies
Stealth,135000000,All Movies
Miami Vice,135000000,All Movies
Stuart Little,133000000,All Movies
War of the Worlds,132000000,All Movies
Godzilla,130000000,All Movies
Bad Boys II,130000000,All Movies
Harry Potter and the Prisoner of Azkaban,130000000,All Movies
Sahara,130000000,All Movies
Kingdom of Heaven,130000000,All Movies
Fantastic 4: Rise of the Silver Surfer,130000000,All Movies
National Treasure: Book of Secrets,130000000,All Movies
Kung Fu Panda,130000000,All Movies
Watchmen,130000000,All Movies
Australia,130000000,All Movies
Dinosaur,127500000,All Movies
The Island,126000000,All Movies
Batman & Robin,125000000,All Movies
Mission: Impossible II,125000000,All Movies
Harry Potter and the Philosopher's Stone,125000000,All Movies
The Day After Tomorrow,125000000,All Movies
The Da Vinci Code,125000000,All Movies
How the Grinch Stole Christmas,123000000,All Movies
A Bug's Life,120000000,All Movies
The Perfect Storm,120000000,All Movies
Atlantis: The Lost Empire,120000000,All Movies
Star Wars: Episode II - Attack of the Clones,120000000,All Movies
Stuart Little 2,120000000,All Movies
Charlie's Angels: Full Throttle,120000000,All Movies
King Arthur,120000000,All Movies
"I, Robot",120000000,All Movies
Cars,120000000,All Movies
Speed Racer,120000000,All Movies
Dante's Peak,116000000,All Movies
The Aviator,116000000,All Movies
True Lies,115000000,All Movies
Star Wars: Episode I - The Phantom Menace,115000000,All Movies
Lara Croft: Tomb Raider,115000000,All Movies
"Monsters, Inc.",115000000,All Movies
Windtalkers,115000000,All Movies
Star Wars: Episode III - Revenge of the Sith,113000000,All Movies
Tomorrow Never Dies,110000000,All Movies
The Patriot,110000000,All Movies
X2,110000000,All Movies
Home on the Range,110000000,All Movies
Around the World in 80 Days,110000000,All Movies
Ocean's Twelve,110000000,All Movies
Mr. & Mrs. Smith,110000000,All Movies
Night at the Museum,110000000,All Movies
Ghost Rider,110000000,All Movies
Live Free or Die Hard,110000000,All Movies
Ali,107000000,All Movies
Starship Troopers,105000000,All Movies
The Chronicles of Riddick,105000000,All Movies
"10,000 BC",105000000,All Movies
The Princess and the Frog,105000000,All Movies
Gladiator,103000000,All Movies
Swordfish,102000000,All Movies
Minority Report,102000000,All Movies
Batman Forever,100000000,All Movies
Terminator 2: Judgment Day,100000000,All Movies
The Hunchback of Notre Dame,100000000,All Movies
Eraser,100000000,All Movies
Sleepy Hollow,100000000,All Movies
End of Days,100000000,All Movies
Bicentennial Man,100000000,All Movies
What Lies Beneath,100000000,All Movies
The Emperor's New Groove,100000000,All Movies
A.I. Artificial Intelligence,100000000,All Movies
Planet of the Apes,100000000,All Movies
K-19: The Widowmaker,100000000,All Movies
The Adventures of Pluto Nash,100000000,All Movies
Harry Potter and the Chamber of Secrets,100000000,All Movies
Gangs of New York,100000000,All Movies
Peter Pan,100000000,All Movies
Hidalgo,100000000,All Movies
Catwoman,100000000,All Movies
National Treasure,100000000,All Movies
Constantine,100000000,All Movies
Fantastic Four,100000000,All Movies
Fun with Dick and Jane,100000000,All Movies
Happy Feet,100000000,All Movies
Blood Diamond,100000000,All Movies
Eragon,100000000,All Movies
American Gangster,100000000,All Movies
Fred Claus,100000000,All Movies
Land of the Lost,100000000,All Movies
The Taking of Pelham 1 2 3,100000000,All Movies
Cloudy with a Chance of Meatballs,100000000,All Movies
Where the Wild Things Are,100000000,All Movies
Cutthroat Island,98000000,All Movies
The Mummy Returns,98000000,All Movies
The Mask of Zorro,95000000,All Movies
The Road to El Dorado,95000000,All Movies
Hollow Man,95000000,All Movies
Lara Croft Tomb Raider: The Cradle of Life,95000000,All Movies
Driven,94000000,All Movies
Finding Nemo,94000000,All Movies
The Lord of the Rings: The Return of the King,94000000,All Movies
Jurassic Park III,93000000,All Movies
The Lord of the Rings: The Fellowship of the Ring,93000000,All Movies
Metropolis,92620000,All Movies
Twister,92000000,All Movies
Charlie's Angels,92000000,All Movies
Spy Game,92000000,All Movies
Black Hawk Down,92000000,All Movies
The Incredibles,92000000,All Movies
Tropic Thunder,92000000,All Movies
Die Hard: With a Vengeance,90000000,All Movies
Judge Dredd,90000000,All Movies
The Devil's Own,90000000,All Movies
The Fifth Element,90000000,All Movies
Men in Black,90000000,All Movies
Contact,90000000,All Movies
Mulan,90000000,All Movies
Meet Joe Black,90000000,All Movies
Enemy of the State,90000000,All Movies
Babe: Pig in the City,90000000,All Movies
Payback,90000000,All Movies
The Insider,90000000,All Movies
Toy Story 2,90000000,All Movies
Supernova,90000000,All Movies
Mission to Mars,90000000,All Movies
Gone in Sixty Seconds,90000000,All Movies
Cast Away,90000000,All Movies
Rush Hour 2,90000000,All Movies
The Haunted Mansion,90000000,All Movies
The Stepford Wives,90000000,All Movies
The Departed,90000000,All Movies
Flags of Our Fathers,90000000,All Movies
The Spiderwick Chronicles,90000000,All Movies
You Don't Mess with the Zohan,90000000,All Movies
Ice Age: Dawn of the Dinosaurs,90000000,All Movies
Sherlock Holmes,90000000,All Movies
Cinderella Man,88000000,All Movies
The Brothers Grimm,88000000,All Movies
Hannibal,87000000,All Movies
Seabiscuit,87000000,All Movies
Arthur and the Invisibles,86000000,All Movies
Awake,86000000,All Movies
Last Action Hero,85000000,All Movies
Hercules,85000000,All Movies
Air Force One,85000000,All Movies
What Dreams May Come,85000000,All Movies
102 Dalmatians,85000000,All Movies
Ocean's Eleven,85000000,All Movies
Collateral Damage,85000000,All Movies
Showtime,85000000,All Movies
The Rundown,85000000,All Movies
Bewitched,85000000,All Movies
Memoirs of a Geisha,85000000,All Movies
The Fast and the Furious: Tokyo Drift,85000000,All Movies
Open Season,85000000,All Movies
The Holiday,85000000,All Movies
Charlotte's Web,85000000,All Movies
The Good Shepherd,85000000,All Movies
Ocean's Thirteen,85000000,All Movies
Surf's Up,85000000,All Movies
I Now Pronounce You Chuck & Larry,85000000,All Movies
Enchanted,85000000,All Movies
Hellboy II: The Golden Army,85000000,All Movies
Jumper,85000000,All Movies
Horton Hears a Who!,85000000,All Movies
Fast & Furious,85000000,All Movies
It's Complicated,85000000,All Movies
Nutty Professor II: The Klumps,84000000,All Movies
Scooby-Doo,84000000,All Movies
The Flintstones in Viva Rock Vegas,83000000,All Movies
Click,82500000,All Movies
Man on the Moon,82000000,All Movies
The 6th Day,82000000,All Movies
The Longest Yard,82000000,All Movies
Red Cliff,80341000,All Movies
Mission: Impossible,80000000,All Movies
Space Jam,80000000,All Movies
Daylight,80000000,All Movies
Ransom,80000000,All Movies
The Manchurian Candidate,80000000,All Movies
Batman Returns,80000000,All Movies
Face/Off,80000000,All Movies
Flubber,80000000,All Movies
The Postman,80000000,All Movies
Lost in Space,80000000,All Movies
Message in a Bottle,80000000,All Movies
Analyze This,80000000,All Movies
Life,80000000,All Movies
The Mummy,80000000,All Movies
The Haunting,80000000,All Movies
Fantasia 2000,80000000,All Movies
The Legend of Bagger Vance,80000000,All Movies
Red Planet,80000000,All Movies
Thirteen Days,80000000,All Movies
Evolution,80000000,All Movies
The Time Machine,80000000,All Movies
Spirit: Stallion of the Cimarron,80000000,All Movies
Lilo & Stitch,80000000,All Movies
Road to Perdition,80000000,All Movies
Bruce Almighty,80000000,All Movies
S.W.A.T.,80000000,All Movies
Looney Tunes: Back in Action,80000000,All Movies
Timeline,80000000,All Movies
Something's Gotta Give,80000000,All Movies
The Manchurian Candidate,80000000,All Movies
Exorcist: The Beginning,80000000,All Movies
A Sound of Thunder,80000000,All Movies
Spanglish,80000000,All Movies
The Interpreter,80000000,All Movies
Meet the Fockers,80000000,All Movies
The Great Raid,80000000,All Movies
Ice Age: The Meltdown,80000000,All Movies
The Wild,80000000,All Movies
Over the Hedge,80000000,All Movies
The Invasion,80000000,All Movies
Get Smart,80000000,All Movies
Eagle Eye,80000000,All Movies
Four Christmases,80000000,All Movies
The Day the Earth Stood Still,80000000,All Movies
Bedtime Stories,80000000,All Movies
Red Cliff Part II,80000000,All Movies
Public Enemies,80000000,All Movies
Surrogates,80000000,All Movies
Nine,80000000,All Movies
The Lord of the Rings: The Two Towers,79000000,All Movies
Cold Mountain,79000000,All Movies
Duplicity,78146652,All Movies
Red Dragon,78000000,All Movies
Daredevil,78000000,All Movies
The League of Extraordinary Gentlemen,78000000,All Movies
The Adventures of Rocky & Bullwinkle,76000000,All Movies
2 Fast 2 Furious,76000000,All Movies
Children of Men,76000000,All Movies
The Rock,75000000,All Movies
Independence Day,75000000,All Movies
Con Air,75000000,All Movies
Conspiracy Theory,75000000,All Movies
Sphere,75000000,All Movies
Deep Impact,75000000,All Movies
Practical Magic,75000000,All Movies
Soldier,75000000,All Movies
Virus,75000000,All Movies
Forces of Nature,75000000,All Movies
The Out-of-Towners,75000000,All Movies
The Astronaut's Wife,75000000,All Movies
Three Kings,75000000,All Movies
Backdraft,75000000,All Movies
Titan A.E.,75000000,All Movies
X-Men,75000000,All Movies
Unbreakable,75000000,All Movies
Vertical Limit,75000000,All Movies
Monkeybone,75000000,All Movies
Osmosis Jones,75000000,All Movies
Bandits,75000000,All Movies
Domestic Disturbance,75000000,All Movies
We Were Soldiers,75000000,All Movies
Anger Management,75000000,All Movies
Hollywood Homicide,75000000,All Movies
50 First Dates,75000000,All Movies
The Bourne Supremacy,75000000,All Movies
Shark Tale,75000000,All Movies
Robots,75000000,All Movies
Madagascar,75000000,All Movies
The Legend of Zorro,75000000,All Movies
Lady in the Water,75000000,All Movies
Monster House,75000000,All Movies
D√©j√† Vu,75000000,All Movies
The Simpsons Movie,75000000,All Movies
Charlie Wilson's War,75000000,All Movies
Wanted,75000000,All Movies
Valkyrie,75000000,All Movies
Funny People,75000000,All Movies
Alvin and the Chipmunks: The Squeakquel,75000000,All Movies
Two Brothers,74500000,All Movies
The Lost World: Jurassic Park,73000000,All Movies
Snake Eyes,73000000,All Movies
The Bone Collector,73000000,All Movies
Talladega Nights: The Ballad of Ricky Bobby,72500000,All Movies
Braveheart,72000000,All Movies
The Last Castle,72000000,All Movies
The Majestic,72000000,All Movies
Signs,72000000,All Movies
Jarhead,72000000,All Movies
Doctor Dolittle,71000000,All Movies
Cliffhanger,70000000,All Movies
The Abyss,70000000,All Movies
Die Hard 2,70000000,All Movies
Mars Attacks!,70000000,All Movies
Seven Years in Tibet,70000000,All Movies
Alien: Resurrection,70000000,All Movies
Hard Rain,70000000,All Movies
Six Days Seven Nights,70000000,All Movies
Saving Private Ryan,70000000,All Movies
The Siege,70000000,All Movies
Star Trek: Insurrection,70000000,All Movies
The Prince of Egypt,70000000,All Movies
A Civil Action,70000000,All Movies
Runaway Bride,70000000,All Movies
The Iron Giant,70000000,All Movies
Chill Factor,70000000,All Movies
Double Jeopardy,70000000,All Movies
Who Framed Roger Rabbit,70000000,All Movies
Hook,70000000,All Movies
What Women Want,70000000,All Movies
Dr. Dolittle 2,70000000,All Movies
Hart's War,70000000,All Movies
Bad Company,70000000,All Movies
xXx,70000000,All Movies
Ballistic: Ecks vs. Sever,70000000,All Movies
I Spy,70000000,All Movies
Tears of the Sun,70000000,All Movies
Big Fish,70000000,All Movies
Man on Fire,70000000,All Movies
AVP: Alien vs. Predator,70000000,All Movies
Sky Captain and the World of Tomorrow,70000000,All Movies
The Phantom of the Opera,70000000,All Movies
Hitch,70000000,All Movies
Munich,70000000,All Movies
Rumor Has It...,70000000,All Movies
Basic Instinct 2,70000000,All Movies
The Guardian,70000000,All Movies
Dreamgirls,70000000,All Movies
Next,70000000,All Movies
Stardust,70000000,All Movies
The Bourne Ultimatum,70000000,All Movies
The Kingdom,70000000,All Movies
The Brave One,70000000,All Movies
Beowulf,70000000,All Movies
Dragon Wars: D-War,70000000,All Movies
Fool's Gold,70000000,All Movies
Babylon A.D.,70000000,All Movies
Body of Lies,70000000,All Movies
Yes Man,70000000,All Movies
Inglourious Basterds,70000000,All Movies
Couples Retreat,70000000,All Movies
Planet 51,70000000,All Movies
The Saint,68000000,All Movies
Mystery Men,68000000,All Movies
Enemy at the Gates,68000000,All Movies
The Score,68000000,All Movies
Vanilla Sky,68000000,All Movies
The Sum of All Fears,68000000,All Movies
Dreamcatcher,68000000,All Movies
Last Man Standing,67000000,All Movies
The Last Legion,67000000,All Movies
The X Files,66000000,All Movies
Entrapment,66000000,All Movies
Hellboy,66000000,All Movies
Jumanji,65000000,All Movies
The Long Kiss Goodnight,65000000,All Movies
I Still Know What You Did Last Summer,65000000,All Movies
You've Got Mail,65000000,All Movies
My Favorite Martian,65000000,All Movies
Eyes Wide Shut,65000000,All Movies
Blue Streak,65000000,All Movies
Total Recall,65000000,All Movies
The Kid,65000000,All Movies
Space Cowboys,65000000,All Movies
A Knight's Tale,65000000,All Movies
The Santa Clause 2,65000000,All Movies
Hudson Hawk,65000000,All Movies
Collateral,65000000,All Movies
Blade: Trinity,65000000,All Movies
Zathura: A Space Adventure,65000000,All Movies
We Are Marshall,65000000,All Movies
Zodiac,65000000,All Movies
300,65000000,All Movies
Sex and the City,65000000,All Movies
Step Brothers,65000000,All Movies
Astro Boy,65000000,All Movies
The Lovely Bones,65000000,All Movies
Random Hearts,64000000,All Movies
Little Man,64000000,All Movies
Get Carter,63600000,All Movies
Wyatt Earp,63000000,All Movies
Jurassic Park,63000000,All Movies
Rambo III,63000000,All Movies
The Matrix,63000000,All Movies
Fight Club,63000000,All Movies
Austin Powers in Goldmember,63000000,All Movies
World Trade Center,63000000,All Movies
The American President,62000000,All Movies
Clear and Present Danger,62000000,All Movies
Lolita,62000000,All Movies
U-571,62000000,All Movies
3000 Miles to Graceland,62000000,All Movies
Matchstick Men,62000000,All Movies
√Üon Flux,62000000,All Movies
The Love Guru,62000000,All Movies
Shooter,61000000,All Movies
Perfect Stranger,60795000,All Movies
Heat,60000000,All Movies
Money Train,60000000,All Movies
Under Siege 2: Dark Territory,60000000,All Movies
Interview with the Vampire,60000000,All Movies
Junior,60000000,All Movies
The Relic,60000000,All Movies
Days of Thunder,60000000,All Movies
Jingle All the Way,60000000,All Movies
Event Horizon,60000000,All Movies
Fire Down Below,60000000,All Movies
The Truman Show,60000000,All Movies
The Jackal,60000000,All Movies
The Horse Whisperer,60000000,All Movies
U.S. Marshals,60000000,All Movies
A Perfect Murder,60000000,All Movies
The Avengers,60000000,All Movies
Antz,60000000,All Movies
Psycho,60000000,All Movies
The General's Daughter,60000000,All Movies
Deep Blue Sea,60000000,All Movies
The Messenger: The Story of Joan of Arc,60000000,All Movies
The Green Mile,60000000,All Movies
Far and Away,60000000,All Movies
Rules of Engagement,60000000,All Movies
Almost Famous,60000000,All Movies
15 Minutes,60000000,All Movies
Along Came a Spider,60000000,All Movies
Shrek,60000000,All Movies
Cats & Dogs,60000000,All Movies
A Beautiful Mind,60000000,All Movies
Dragonfly,60000000,All Movies
The Scorpion King,60000000,All Movies
The Bourne Identity,60000000,All Movies
Reign of Fire,60000000,All Movies
Analyze That,60000000,All Movies
Star Trek: Nemesis,60000000,All Movies
Two Weeks Notice,60000000,All Movies
The Core,60000000,All Movies
Daddy Day Care,60000000,All Movies
The Italian Job,60000000,All Movies
Sinbad: Legend of the Seven Seas,60000000,All Movies
Intolerable Cruelty,60000000,All Movies
Runaway Jury,60000000,All Movies
Paycheck,60000000,All Movies
Starsky & Hutch,60000000,All Movies
The Terminal,60000000,All Movies
The Village,60000000,All Movies
Ladder 49,60000000,All Movies
Alfie,60000000,All Movies
After the Sunset,60000000,All Movies
xXx: State of the Union,60000000,All Movies
Doom,60000000,All Movies
Cheaper by the Dozen 2,60000000,All Movies
The Sentinel,60000000,All Movies
Flyboys,60000000,All Movies
Bridge to Terabithia,60000000,All Movies
Norbit,60000000,All Movies
The Heartbreak Kid,60000000,All Movies
Alvin and the Chipmunks,60000000,All Movies
The Happening,60000000,All Movies
Meet Dave,60000000,All Movies
The Spirit,60000000,All Movies
Righteous Kill,60000000,All Movies
Marley & Me,60000000,All Movies
The Tale of Despereaux,60000000,All Movies
Inkheart,60000000,All Movies
Coraline,60000000,All Movies
State of Play,60000000,All Movies
The Soloist,60000000,All Movies
Year One,60000000,All Movies
Invictus,60000000,All Movies
Ice Age,59000000,All Movies
GoldenEye,58000000,All Movies
The Cotton Club,58000000,All Movies
Just Like Heaven,58000000,All Movies
Leatherheads,58000000,All Movies
Did You Hear About the Morgans?,58000000,All Movies
Demolition Man,57000000,All Movies
DragonHeart,57000000,All Movies
The Devil's Advocate,57000000,All Movies
The Mexican,57000000,All Movies
Captain Corelli's Mandolin,57000000,All Movies
Rock Star,57000000,All Movies
Thunderbirds,57000000,All Movies
Elizabethtown,57000000,All Movies
Gods and Generals,56000000,All Movies
Walking Tall,56000000,All Movies
The Pacifier,56000000,All Movies
Pocahontas,55000000,All Movies
First Knight,55000000,All Movies
Disclosure,55000000,All Movies
Stargate,55000000,All Movies
Forrest Gump,55000000,All Movies
Executive Decision,55000000,All Movies
The Fan,55000000,All Movies
Evita,55000000,All Movies
Turbulence,55000000,All Movies
Metro,55000000,All Movies
City of Angels,55000000,All Movies
Ronin,55000000,All Movies
Superman,55000000,All Movies
Any Given Sunday,55000000,All Movies
Death Becomes Her,55000000,All Movies
Shanghai Noon,55000000,All Movies
Meet the Parents,55000000,All Movies
Ishtar,55000000,All Movies
Tango & Cash,55000000,All Movies
Maid in Manhattan,55000000,All Movies
The Hunted,55000000,All Movies
American Wedding,55000000,All Movies
Stuck on You,55000000,All Movies
D-Tox,55000000,All Movies
Flightplan,55000000,All Movies
16 Blocks,55000000,All Movies
The Pursuit of Happyness,55000000,All Movies
All the King's Men,55000000,All Movies
3:10 to Yuma,55000000,All Movies
Elizabeth: The Golden Age,55000000,All Movies
The Forbidden Kingdom,55000000,All Movies
City of Ember,55000000,All Movies
Changeling,55000000,All Movies
Seven Pounds,55000000,All Movies
The Nutty Professor,54000000,All Movies
101 Dalmatians,54000000,All Movies
The Godfather: Part III,54000000,All Movies
Superman II,54000000,All Movies
Blade II,54000000,All Movies
Gigli,54000000,All Movies
V for Vendetta,54000000,All Movies
"You, Me and Dupree",54000000,All Movies
Crimson Tide,53000000,All Movies
Anastasia,53000000,All Movies
Blow,53000000,All Movies
Angel Eyes,53000000,All Movies
Be Cool,53000000,All Movies
Law Abiding Citizen,53000000,All Movies
Moulin Rouge!,52500000,All Movies
Casino,52000000,All Movies
Apollo 13,52000000,All Movies
The Thin Red Line,52000000,All Movies
Erin Brockovich,52000000,All Movies
Catch Me If You Can,52000000,All Movies
Hostage,52000000,All Movies
The Break-Up,52000000,All Movies
Mamma Mia!,52000000,All Movies
Eastern Promises,51500000,All Movies
The Bachelor,51000000,All Movies
"Me, Myself & Irene",51000000,All Movies
Barnyard,51000000,All Movies
Assassins,50000000,All Movies
Fair Game,50000000,All Movies
Broken Arrow,50000000,All Movies
Jade,50000000,All Movies
Casper,50000000,All Movies
Congo,50000000,All Movies
The Scarlet Letter,50000000,All Movies
Outbreak,50000000,All Movies
Beverly Hills Cop III,50000000,All Movies
Terminal Velocity,50000000,All Movies
Striptease,50000000,All Movies
Chain Reaction,50000000,All Movies
Escape from L.A.,50000000,All Movies
The Chamber,50000000,All Movies
The Ghost and the Darkness,50000000,All Movies
Alien¬≥,50000000,All Movies
Jerry Maguire,50000000,All Movies
Absolute Power,50000000,All Movies
G.I. Jane,50000000,All Movies
The Game,50000000,All Movies
Mad City,50000000,All Movies
As Good as It Gets,50000000,All Movies
Gremlins 2: The New Batch,50000000,All Movies
The Negotiator,50000000,All Movies
Santa Claus: The Movie,50000000,All Movies
Patch Adams,50000000,All Movies
The Mod Squad,50000000,All Movies
The Story of Us,50000000,All Movies
The Hurricane,50000000,All Movies
Annie,50000000,All Movies
Exit Wounds,50000000,All Movies
Don't Say a Word,50000000,All Movies
Baby's Day Out,50000000,All Movies
Murder by Numbers,50000000,All Movies
Unfaithful,50000000,All Movies
Mr. Deeds,50000000,All Movies
Blood Work,50000000,All Movies
How to Lose a Guy in 10 Days,50000000,All Movies
Shanghai Knights,50000000,All Movies
The Life of David Gale,50000000,All Movies
Basic,50000000,All Movies
Out of Time,50000000,All Movies
The Big Bounce,50000000,All Movies
Twisted,50000000,All Movies
On Deadly Ground,50000000,All Movies
Raising Helen,50000000,All Movies
Garfield,50000000,All Movies
Shall We Dance?,50000000,All Movies
Bridget Jones: The Edge of Reason,50000000,All Movies
The Ring Two,50000000,All Movies
The Life Aquatic with Steve Zissou,50000000,All Movies
The Hitchhiker's Guide to the Galaxy,50000000,All Movies
The Adventures of Sharkboy and Lavagirl,50000000,All Movies
Herbie Fully Loaded,50000000,All Movies
The Dukes of Hazzard,50000000,All Movies
Domino,50000000,All Movies
Oliver Twist,50000000,All Movies
Into the Blue,50000000,All Movies
Stay,50000000,All Movies
Syriana,50000000,All Movies
Underworld: Evolution,50000000,All Movies
Curious George,50000000,All Movies
Failure to Launch,50000000,All Movies
The Shaggy Dog,50000000,All Movies
Silent Hill,50000000,All Movies
RV,50000000,All Movies
The Ant Bully,50000000,All Movies
The Black Dahlia,50000000,All Movies
Perfume: The Story of a Murderer,50000000,All Movies
Hannibal Rising,50000000,All Movies
Sunshine,50000000,All Movies
Goya's Ghosts,50000000,All Movies
Hairspray,50000000,All Movies
Sweeney Todd: The Demon Barber of Fleet Street,50000000,All Movies
Rambo,50000000,All Movies
Outlander,50000000,All Movies
The International,50000000,All Movies
Street Fighter: The Legend of Chun-Li,50000000,All Movies
Knowing,50000000,All Movies
The Boat That Rocked,50000000,All Movies
Race to Witch Mountain,50000000,All Movies
Gamer,50000000,All Movies
The Twilight Saga: New Moon,50000000,All Movies
Basic Instinct,49000000,All Movies
The One,49000000,All Movies
The Adventures of Ford Fairlane,49000000,All Movies
Super Mario Bros.,48000000,All Movies
Robin Hood: Prince of Thieves,48000000,All Movies
Indiana Jones and the Last Crusade,48000000,All Movies
Out of Sight,48000000,All Movies
The Thomas Crown Affair,48000000,All Movies
Bedazzled,48000000,All Movies
Traffic,48000000,All Movies
Rat Race,48000000,All Movies
Riding in Cars with Boys,48000000,All Movies
K-PAX,48000000,All Movies
Panic Room,48000000,All Movies
The Ring,48000000,All Movies
Scary Movie 3,48000000,All Movies
Mary Reilly,47000000,All Movies
The Cable Guy,47000000,All Movies
Dick Tracy,47000000,All Movies
The Bonfire of the Vanities,47000000,All Movies
Solaris,47000000,All Movies
1492: Conquest of Paradise,47000000,All Movies
Happily N'Ever After,47000000,All Movies
The Adventures of Baron Munchausen,46630000,All Movies
The Flintstones,46000000,All Movies
Courage Under Fire,46000000,All Movies
Star Trek: First Contact,46000000,All Movies
Shaft,46000000,All Movies
Insomnia,46000000,All Movies
Showgirls,45000000,All Movies
Mary Shelley's Frankenstein,45000000,All Movies
The Specialist,45000000,All Movies
The Client,45000000,All Movies
I Love Trouble,45000000,All Movies
The Lion King,45000000,All Movies
The Phantom,45000000,All Movies
Jack,45000000,All Movies
Tin Cup,45000000,All Movies
Shadow Conspiracy,45000000,All Movies
Liar Liar,45000000,All Movies
Anaconda,45000000,All Movies
Deep Rising,45000000,All Movies
Blade,45000000,All Movies
The Pelican Brief,45000000,All Movies
Universal Soldier: The Return,45000000,All Movies
Galaxy Quest,45000000,All Movies
Patriot Games,45000000,All Movies
Chicken Run,45000000,All Movies
Coyote Ugly,45000000,All Movies
Miss Congeniality,45000000,All Movies
Scary Movie 2,45000000,All Movies
Training Day,45000000,All Movies
Intersection,45000000,All Movies
Changing Lanes,45000000,All Movies
Chicago,45000000,All Movies
"Legally Blonde 2: Red, White & Blonde",45000000,All Movies
Taking Lives,45000000,All Movies
Resident Evil: Apocalypse,45000000,All Movies
Surviving Christmas,45000000,All Movies
Flight of the Phoenix,45000000,All Movies
Unleashed,45000000,All Movies
Kicking & Screaming,45000000,All Movies
Rebound,45000000,All Movies
Four Brothers,45000000,All Movies
"Yours, Mine & Ours",45000000,All Movies
The Producers,45000000,All Movies
Last Holiday,45000000,All Movies
Firewall,45000000,All Movies
Inside Man,45000000,All Movies
Scary Movie 4,45000000,All Movies
Pathfinder,45000000,All Movies
Resident Evil: Extinction,45000000,All Movies
Love in the Time of Cholera,45000000,All Movies
The Bucket List,45000000,All Movies
Journey to the Center of the Earth,45000000,All Movies
Death Race,45000000,All Movies
Bangkok Dangerous,45000000,All Movies
Miracle at St. Anna,45000000,All Movies
Aliens in the Attic,45000000,All Movies
Nixon,44000000,All Movies
The Fugitive,44000000,All Movies
Sleepers,44000000,All Movies
Rambo: First Blood Part II,44000000,All Movies
Battlefield Earth,44000000,All Movies
Heaven's Gate,44000000,All Movies
Finding Forrester,43000000,All Movies
The Sweetest Thing,43000000,All Movies
Elektra,43000000,All Movies
Monster-in-Law,43000000,All Movies
The Skeleton Key,43000000,All Movies
Strange Days,42000000,All Movies
The Firm,42000000,All Movies
The Rocketeer,42000000,All Movies
Rocky V,42000000,All Movies
Notting Hill,42000000,All Movies
Reindeer Games,42000000,All Movies
Original Sin,42000000,All Movies
High Crimes,42000000,All Movies
Along Came Polly,42000000,All Movies
The Forgotten,42000000,All Movies
Lord of War,42000000,All Movies
Ponyo,41677699,All Movies
The Whole Nine Yards,41300000,All Movies
8 Mile,41000000,All Movies
"I Love You, Man",41000000,All Movies
Trading Places,40600000,All Movies
Boomerang,40000000,All Movies
Color of Night,40000000,All Movies
In the Line of Fire,40000000,All Movies
Renaissance Man,40000000,All Movies
Sliver,40000000,All Movies
A Time to Kill,40000000,All Movies
The Island of Dr. Moreau,40000000,All Movies
Dracula,40000000,All Movies
The Preacher's Wife,40000000,All Movies
The Last of the Mohicans,40000000,All Movies
Spawn,40000000,All Movies
The Rainmaker,40000000,All Movies
Quest for Camelot,40000000,All Movies
Small Soldiers,40000000,All Movies
Back to the Future Part II,40000000,All Movies
Back to the Future Part III,40000000,All Movies
Dune,40000000,All Movies
Honey I Blew Up the Kid,40000000,All Movies
The Little Mermaid,40000000,All Movies
Nothing but Trouble,40000000,All Movies
A Few Good Men,40000000,All Movies
8MM,40000000,All Movies
The Sixth Sense,40000000,All Movies
The Talented Mr. Ripley,40000000,All Movies
A League of Their Own,40000000,All Movies
Scream 3,40000000,All Movies
The Beach,40000000,All Movies
Hanging Up,40000000,All Movies
JFK,40000000,All Movies
The Art of War,40000000,All Movies
Pay It Forward,40000000,All Movies
The Living Daylights,40000000,All Movies
Sweet November,40000000,All Movies
For the Boys,40000000,All Movies
The Musketeer,40000000,All Movies
Big Trouble,40000000,All Movies
Shallow Hal,40000000,All Movies
Behind Enemy Lines,40000000,All Movies
Life or Something Like It,40000000,All Movies
FearDotCom,40000000,All Movies
City By The Sea,40000000,All Movies
Extreme Ops,40000000,All Movies
Pinocchio,40000000,All Movies
Johnny English,40000000,All Movies
Memoirs of an Invisible Man,40000000,All Movies
Duplex,40000000,All Movies
Love Actually,40000000,All Movies
Gothika,40000000,All Movies
Cheaper by the Dozen,40000000,All Movies
Torque,40000000,All Movies
Secret Window,40000000,All Movies
The Whole Ten Yards,40000000,All Movies
Enemy Mine,40000000,All Movies
The Princess Diaries 2: Royal Engagement,40000000,All Movies
Ray,40000000,All Movies
Havana,40000000,All Movies
Sin City,40000000,All Movies
House of Wax,40000000,All Movies
Wedding Crashers,40000000,All Movies
Corpse Bride,40000000,All Movies
Get Rich or Die Tryin',40000000,All Movies
Rent,40000000,All Movies
Big Momma's House 2,40000000,All Movies
Eight Below,40000000,All Movies
The Lake House,40000000,All Movies
Marie Antoinette,40000000,All Movies
Black Gold,40000000,All Movies
The Illusionist,40000000,All Movies
The Wicker Man,40000000,All Movies
Apocalypto,40000000,All Movies
Stormbreaker,40000000,All Movies
The Prestige,40000000,All Movies
Music and Lyrics,40000000,All Movies
The Reaping,40000000,All Movies
Aliens vs Predator: Requiem,40000000,All Movies
The Water Horse,40000000,All Movies
Vantage Point,40000000,All Movies
Pirates,40000000,All Movies
Made of Honor,40000000,All Movies
The Children of Huang Shi,40000000,All Movies
The Express,40000000,All Movies
He's Just Not That Into You,40000000,All Movies
Confessions of a Shopaholic,40000000,All Movies
The Proposal,40000000,All Movies
Julie & Julia,40000000,All Movies
Christopher Columbus: The Discovery,40000000,All Movies
The Final Destination,40000000,All Movies
Whiteout,40000000,All Movies
Shorts,40000000,All Movies
Amelia,40000000,All Movies
Cirque du Freak: The Vampire's Assistant,40000000,All Movies
Fantastic Mr. Fox,40000000,All Movies
Ninja Assassin,40000000,All Movies
Superman III,39000000,All Movies
Coming to America,39000000,All Movies
Against the Ropes,39000000,All Movies
Serenity,39000000,All Movies
Shoot 'Em Up,39000000,All Movies
The Time Traveler's Wife,39000000,All Movies
White Squall,38000000,All Movies
Star Trek: Generations,38000000,All Movies
James and the Giant Peach,38000000,All Movies
Extreme Measures,38000000,All Movies
The Doors,38000000,All Movies
My Best Friend's Wedding,38000000,All Movies
MouseHunt,38000000,All Movies
Indecent Proposal,38000000,All Movies
The Deep End of the Ocean,38000000,All Movies
Ride with the Devil,38000000,All Movies
Sister Act 2: Back in the Habit,38000000,All Movies
The Ninth Gate,38000000,All Movies
The Fast and the Furious,38000000,All Movies
Another 48 Hrs.,38000000,All Movies
Enough,38000000,All Movies
Spy Kids 2: The Island of Lost Dreams,38000000,All Movies
Spy Kids 3-D: Game Over,38000000,All Movies
Pulse,38000000,All Movies
Virgin Territory,38000000,All Movies
Push,38000000,All Movies
The Ugly Truth,38000000,All Movies
The Rescuers Down Under,37931000,All Movies
Freedomland,37665000,All Movies
Switchback,37000000,All Movies
Howard the Duck,37000000,All Movies
Ghostbusters II,37000000,All Movies
Magnolia,37000000,All Movies
The Princess Diaries,37000000,All Movies
13 Going on 30,37000000,All Movies
White Chicks,37000000,All Movies
Nim's Island,37000000,All Movies
Space Chimps,37000000,All Movies
Burn After Reading,37000000,All Movies
Twilight,37000000,All Movies
The Inhabited Island,36500000,All Movies
Matilda,36000000,All Movies
The People vs. Larry Flynt,36000000,All Movies
Breakdown,36000000,All Movies
Gattaca,36000000,All Movies
Amistad,36000000,All Movies
Isn't She Great,36000000,All Movies
John Q,36000000,All Movies
A Man Apart,36000000,All Movies
Never Say Never Again,36000000,All Movies
At Play in the Fields of the Lord,36000000,All Movies
Winged Migration,35866397,All Movies
Sudden Death,35000000,All Movies
Species,35000000,All Movies
The Swan Princess,35000000,All Movies
Little Buddha,35000000,All Movies
Street Fighter,35000000,All Movies
Geronimo: An American Legend,35000000,All Movies
Batman,35000000,All Movies
The Horseman on the Roof,35000000,All Movies
Cape Fear,35000000,All Movies
Star Trek: The Motion Picture,35000000,All Movies
Under Siege,35000000,All Movies
Donnie Brasco,35000000,All Movies
Anna Karenina,35000000,All Movies
L.A. Confidential,35000000,All Movies
For Richer or Poorer,35000000,All Movies
Midnight in the Garden of Good and Evil,35000000,All Movies
Species II,35000000,All Movies
Lethal Weapon 3,35000000,All Movies
Willow,35000000,All Movies
Blast from the Past,35000000,All Movies
RoboCop 2,35000000,All Movies
Predator 2,35000000,All Movies
What About Bob?,35000000,All Movies
Supergirl,35000000,All Movies
Bounce,35000000,All Movies
Dungeons & Dragons,35000000,All Movies
The Pledge,35000000,All Movies
The Wedding Planner,35000000,All Movies
Empire of the Sun,35000000,All Movies
Spy Kids,35000000,All Movies
American Outlaws,35000000,All Movies
From Hell,35000000,All Movies
Flash Gordon,35000000,All Movies
The Count of Monte Cristo,35000000,All Movies
Queen of the Damned,35000000,All Movies
The Bad News Bears,35000000,All Movies
The Four Feathers,35000000,All Movies
Ghost Ship,35000000,All Movies
Femme Fatale,35000000,All Movies
The Best Little Whorehouse in Texas,35000000,All Movies
The Pianist,35000000,All Movies
Dennis the Menace,35000000,All Movies
Down with Love,35000000,All Movies
Oscar,35000000,All Movies
The Order,35000000,All Movies
School of Rock,35000000,All Movies
Radio Flyer,35000000,All Movies
1941,35000000,All Movies
Jersey Girl,35000000,All Movies
Little Black Book,35000000,All Movies
Cursed,35000000,All Movies
Guess Who,35000000,All Movies
Sky High,35000000,All Movies
Valiant,35000000,All Movies
Two for the Money,35000000,All Movies
North Country,35000000,All Movies
Bandidas,35000000,All Movies
The Devil Wears Prada,35000000,All Movies
Zoom,35000000,All Movies
The Fountain,35000000,All Movies
A Good Year,35000000,All Movies
License to Wed,35000000,All Movies
Lions for Lambs,35000000,All Movies
Walk Hard: The Dewey Cox Story,35000000,All Movies
Untraceable,35000000,All Movies
Welcome Home Roscoe Jenkins,35000000,All Movies
21,35000000,All Movies
Superhero Movie,35000000,All Movies
What Happens in Vegas,35000000,All Movies
Mirrors,35000000,All Movies
Max Payne,35000000,All Movies
Revolutionary Road,35000000,All Movies
Underworld: Rise of the Lycans,35000000,All Movies
Hotel for Dogs,35000000,All Movies
The Young Victoria,35000000,All Movies
The Hangover,35000000,All Movies
Hannah Montana: The Movie,35000000,All Movies
Old Dogs,35000000,All Movies
Big Daddy,34200000,All Movies
Natural Born Killers,34000000,All Movies
The Age of Innocence,34000000,All Movies
Malcolm X,34000000,All Movies
Moonraker,34000000,All Movies
Summer Catch,34000000,All Movies
Paradise,34000000,All Movies
TMNT,34000000,All Movies
